"file","year","abundance","species_richness"
"1","NEON.D01.BART.DP1.10003.001.brd_countdata.2015-06.basic.20241118T065914Z.csv",2015,454,40
"2","NEON.D01.BART.DP1.10003.001.brd_countdata.2016-06.basic.20241118T142515Z.csv",2016,883,39
"3","NEON.D01.BART.DP1.10003.001.brd_countdata.2017-06.basic.20241118T043125Z.csv",2017,685,35
"4","NEON.D01.BART.DP1.10003.001.brd_countdata.2018-06.basic.20241118T105926Z.csv",2018,772,37
"5","NEON.D01.BART.DP1.10003.001.brd_countdata.2019-06.basic.20241118T064156Z.csv",2019,628,44
"6","NEON.D01.BART.DP1.10003.001.brd_countdata.2020-06.basic.20241118T184512Z.csv",2020,626,46
"7","NEON.D01.BART.DP1.10003.001.brd_countdata.2020-07.basic.20241118T010504Z.csv",2020,89,18
"8","NEON.D01.BART.DP1.10003.001.brd_countdata.2021-06.basic.20241118T105538Z.csv",2021,1015,50
"9","NEON.D01.BART.DP1.10003.001.brd_countdata.2022-06.basic.20241118T033934Z.csv",2022,699,39
"10","NEON.D01.BART.DP1.10003.001.brd_countdata.2023-06.basic.20241118T091043Z.csv",2023,658,42
